<?xml version="1.0" encoding="UTF-8" standalone="yes"?>
<addon id="plugin.audio.taiwanradio.old" name="台灣電台" version="1.1.0" provider-name="YsPan">
    <requires>
        <import addon="xbmc.python" version="2.25.0"/>
    </requires>
    <extension point="xbmc.python.pluginsource" library="main.py">
        <provides>audio</provides>
    </extension>
    <extension point="xbmc.addon.metadata">
        <summary lang="zh_TW">台灣電台 線上收聽</summary>
        <description lang="zh_TW">線上收聽台灣電台，並即時取得收聽串流</description>
        <platform>all</platform>
    </extension>
</addon>